{
    "loss": 1.4503480195999146,
    "accuracy": 0.8328047394752502
}