{
    "loss": 7.0716071128845215,
    "accuracy": 0.7059356570243835
}